"","OccuranceID","Family","Genus","Species","Number of individuals","Site ID","Location","Country","Province/State","Latitude","Longitude","Checklist ID","Distance Traveled","Date Observed","Start time","End time","Sampling protocol","Adult Unknown","Adult Male","Adult Female","Eggs","Caterpillar","Pupae","Remarks","Basis of record","Atlas Square Id","Atlas Voucher Number","Comment","Observer","Status","Validity","Determined by","Determined date","Determiner notes","Checklist Completed","Submitted date"
"1",59630,"Hesperiidae","Systasea","zampa",1,9788,"Molino Basin, AZ","United States","Arizona",32.338055,-110.693092,18766,10000,"2/20/2014",NA,NA,"Traveling Survey",1,NA,NA,NA,NA,NA,NA,"Sight",NA,NA,NA,"Elizabeth Long","Pending",NA,NA,NA,NA,"Yes","2/23/2014"
"2",59631,"Lycaenidae","Leptotes","marina",1,9788,"Molino Basin, AZ","United States","Arizona",32.338055,-110.693092,18766,10000,"2/20/2014",NA,NA,"Traveling Survey",1,NA,NA,NA,NA,NA,NA,"Sight",NA,NA,NA,"Elizabeth Long","Pending",NA,NA,NA,NA,"Yes","2/23/2014"
"3",59632,"Papilionidae","Battus","philenor",4,9788,"Molino Basin, AZ","United States","Arizona",32.338055,-110.693092,18766,10000,"2/20/2014",NA,NA,"Traveling Survey",4,NA,NA,NA,NA,NA,NA,"Sight",NA,NA,NA,"Elizabeth Long","Pending",NA,NA,NA,NA,"Yes","2/23/2014"
"4",59633,"Pieridae","Anthocharis","sara thoosa",4,9788,"Molino Basin, AZ","United States","Arizona",32.338055,-110.693092,18766,10000,"2/20/2014",NA,NA,"Traveling Survey",4,NA,NA,NA,NA,NA,NA,"Sight",NA,NA,NA,"Elizabeth Long","Pending",NA,NA,NA,NA,"Yes","2/23/2014"
"5",73133,"Lycaenidae","Echinargus","isola",3,10992,"Molino Canyon Overlook, Mount Lemmon, Tucson, Pima, AZ, United States","United States","Arizona",32.325139,-110.704594,20786,NA,"2/18/2014",10:00:00,10:15:00,"Area Survey",3,NA,NA,NA,NA,NA,NA,"Sight",NA,NA,NA,"Richard Staniforth","Pending",NA,NA,NA,NA,"Yes","3/2/2014"
"6",73134,"Nymphalidae","Dymasia","dymas",1,10992,"Molino Canyon Overlook, Mount Lemmon, Tucson, Pima, AZ, United States","United States","Arizona",32.325139,-110.704594,20786,NA,"2/18/2014",10:00:00,10:15:00,"Area Survey",1,NA,NA,NA,NA,NA,NA,"Photograph",NA,NA,NA,"Richard Staniforth","Pending",NA,NA,NA,NA,"Yes","3/2/2014"
"7",73135,"Papilionidae","Battus","philenor",6,10992,"Molino Canyon Overlook, Mount Lemmon, Tucson, Pima, AZ, United States","United States","Arizona",32.325139,-110.704594,20786,NA,"2/18/2014",10:00:00,10:15:00,"Area Survey",6,NA,NA,NA,NA,NA,NA,"Sight",NA,NA,NA,"Richard Staniforth","Pending",NA,NA,NA,NA,"Yes","3/2/2014"
"8",73136,"Pieridae","Anthocharis","cethura",2,10992,"Molino Canyon Overlook, Mount Lemmon, Tucson, Pima, AZ, United States","United States","Arizona",32.325139,-110.704594,20786,NA,"2/18/2014",10:00:00,10:15:00,"Area Survey",2,NA,NA,NA,NA,NA,NA,"Sight",NA,NA,NA,"Richard Staniforth","Pending",NA,NA,NA,NA,"Yes","3/2/2014"
"9",73137,"Pieridae","Pontia","sisymbrii",6,10992,"Molino Canyon Overlook, Mount Lemmon, Tucson, Pima, AZ, United States","United States","Arizona",32.325139,-110.704594,20786,NA,"2/18/2014",10:00:00,10:15:00,"Area Survey",6,NA,NA,NA,NA,NA,NA,"Photograph",NA,NA,NA,"Richard Staniforth","Pending",NA,NA,NA,NA,"Yes","3/2/2014"
"10",73148,"Nymphalidae","Danaus","gilippus",1,10995,"Agua Caliente Park, East Roger Road, Tucson, AZ, United States","United States","Arizona",32.28178,-110.731616,20790,NA,"2/21/2014",10:00:00,12:00:00,"Area Survey",1,NA,NA,NA,NA,NA,NA,"Sight",NA,NA,NA,"Richard Staniforth","Pending",NA,NA,NA,NA,"Yes","3/2/2014"
"11",73149,"Papilionidae","Battus","philenor",1,10995,"Agua Caliente Park, East Roger Road, Tucson, AZ, United States","United States","Arizona",32.28178,-110.731616,20790,NA,"2/21/2014",10:00:00,12:00:00,"Area Survey",1,NA,NA,NA,NA,NA,NA,"Sight",NA,NA,NA,"Richard Staniforth","Pending",NA,NA,NA,NA,"Yes","3/2/2014"
"12",109137,"Nymphalidae","Danaus","gilippus",1,15473,"Santa Catalina Mountains","United States","Arizona",32.334316,-110.693092,30133,NA,"5/3/2001",NA,NA,"Incidental Observation(s)",1,NA,NA,NA,NA,NA,NA,"Sight",NA,NA,NA,"Peter Hall","Pending",NA,NA,NA,NA,"No","9/12/2014"
"13",146815,"Nymphalidae","Danaus","gilippus",3,19696,"Agua Caliente Park, East Roger Road, Tucson, AZ, United States","United States","Arizona",32.28178,-110.731616,39136,NA,"8/1/2014",09:00:00,09:45:00,"Incidental Observation(s)",3,NA,NA,NA,NA,NA,"Roughly estimated time spent and time arrived.","Sight",NA,NA,NA,"Marky Mutchler","Vetted","Valid","Elizabeth Long","8/2/2015",NA,"No","7/7/2015"
"14",176520,"Papilionidae","Battus","philenor",2,23250,"Sabino Canyon, Tucson","United States","Arizona",32.316116,-110.817686,46128,2000,"2/24/2016",NA,NA,"Traveling Survey",2,NA,NA,NA,NA,NA,NA,"Sight",NA,NA,NA,"Peter Hall","Pending",NA,NA,NA,NA,"No","3/17/2016"
"15",176521,"Papilionidae","Papilio","multicaudata",2,23250,"Sabino Canyon, Tucson","United States","Arizona",32.316116,-110.817686,46128,2000,"2/24/2016",NA,NA,"Traveling Survey",2,NA,NA,NA,NA,NA,NA,"Sight",NA,NA,NA,"Peter Hall","Pending",NA,NA,NA,NA,"No","3/17/2016"
"16",176522,"Pieridae","Anthocharis","sara",8,23250,"Sabino Canyon, Tucson","United States","Arizona",32.316116,-110.817686,46128,2000,"2/24/2016",NA,NA,"Traveling Survey",8,NA,NA,NA,NA,NA,NA,"Photograph",NA,NA,NA,"Peter Hall","Pending",NA,NA,NA,NA,"No","3/17/2016"
"17",176523,"Pieridae","Zerene","cesonia",2,23250,"Sabino Canyon, Tucson","United States","Arizona",32.316116,-110.817686,46128,2000,"2/24/2016",NA,NA,"Traveling Survey",2,NA,NA,NA,NA,NA,NA,"Sight",NA,NA,NA,"Peter Hall","Pending",NA,NA,NA,NA,"No","3/17/2016"
"18",176524,"Pieridae","Abaeis","nicippe",1,23250,"Sabino Canyon, Tucson","United States","Arizona",32.316116,-110.817686,46128,2000,"2/24/2016",NA,NA,"Traveling Survey",1,NA,NA,NA,NA,NA,NA,"Photograph",NA,NA,NA,"Peter Hall","Pending",NA,NA,NA,NA,"No","3/17/2016"
"19",176525,"Pieridae","Nathalis","iole",1,23250,"Sabino Canyon, Tucson","United States","Arizona",32.316116,-110.817686,46128,2000,"2/24/2016",NA,NA,"Traveling Survey",1,NA,NA,NA,NA,NA,NA,"Sight",NA,NA,NA,"Peter Hall","Pending",NA,NA,NA,NA,"No","3/17/2016"
"20",176526,"Lycaenidae","Strymon","melinus",1,23250,"Sabino Canyon, Tucson","United States","Arizona",32.316116,-110.817686,46128,2000,"2/24/2016",NA,NA,"Traveling Survey",1,NA,NA,NA,NA,NA,NA,"Sight",NA,NA,NA,"Peter Hall","Pending",NA,NA,NA,NA,"No","3/17/2016"
"21",176527,"Lycaenidae","Leptotes","marina",20,23250,"Sabino Canyon, Tucson","United States","Arizona",32.316116,-110.817686,46128,2000,"2/24/2016",NA,NA,"Traveling Survey",20,NA,NA,NA,NA,NA,NA,"Photograph",NA,NA,NA,"Peter Hall","Pending",NA,NA,NA,NA,"No","3/17/2016"
"22",176528,"Lycaenidae","Celastrina","echo",25,23250,"Sabino Canyon, Tucson","United States","Arizona",32.316116,-110.817686,46128,2000,"2/24/2016",NA,NA,"Traveling Survey",25,NA,NA,NA,NA,NA,NA,"Sight",NA,NA,NA,"Peter Hall","Pending",NA,NA,NA,NA,"No","3/17/2016"
"23",176529,"Nymphalidae","Libytheana","carinenta",3,23250,"Sabino Canyon, Tucson","United States","Arizona",32.316116,-110.817686,46128,2000,"2/24/2016",NA,NA,"Traveling Survey",3,NA,NA,NA,NA,NA,NA,"Sight",NA,NA,NA,"Peter Hall","Pending",NA,NA,NA,NA,"No","3/17/2016"
"24",176530,"Nymphalidae","Nymphalis","antiopa",3,23250,"Sabino Canyon, Tucson","United States","Arizona",32.316116,-110.817686,46128,2000,"2/24/2016",NA,NA,"Traveling Survey",3,NA,NA,NA,NA,NA,NA,"Sight",NA,NA,NA,"Peter Hall","Pending",NA,NA,NA,NA,"No","3/17/2016"
"25",176531,"Nymphalidae","Vanessa","atalanta",1,23250,"Sabino Canyon, Tucson","United States","Arizona",32.316116,-110.817686,46128,2000,"2/24/2016",NA,NA,"Traveling Survey",1,NA,NA,NA,NA,NA,NA,"Sight",NA,NA,NA,"Peter Hall","Pending",NA,NA,NA,NA,"No","3/17/2016"
"26",176532,"Nymphalidae","Junonia","coenia",2,23250,"Sabino Canyon, Tucson","United States","Arizona",32.316116,-110.817686,46128,2000,"2/24/2016",NA,NA,"Traveling Survey",2,NA,NA,NA,NA,NA,NA,"Sight",NA,NA,NA,"Peter Hall","Pending",NA,NA,NA,NA,"No","3/17/2016"
"27",176533,"Hesperiidae","Pyrgus","philetas",20,23250,"Sabino Canyon, Tucson","United States","Arizona",32.316116,-110.817686,46128,2000,"2/24/2016",NA,NA,"Traveling Survey",20,NA,NA,NA,NA,NA,NA,"Photograph",NA,NA,NA,"Peter Hall","Pending",NA,NA,NA,NA,"No","3/17/2016"
"28",176534,"Hesperiidae","Staphylus","ceos",1,23250,"Sabino Canyon, Tucson","United States","Arizona",32.316116,-110.817686,46128,2000,"2/24/2016",NA,NA,"Traveling Survey",1,NA,NA,NA,NA,NA,NA,"Photograph",NA,NA,NA,"Peter Hall","Pending",NA,NA,NA,NA,"No","3/17/2016"
"29",176535,"Nymphalidae","Anthanassa","texana",30,23250,"Sabino Canyon, Tucson","United States","Arizona",32.316116,-110.817686,46128,2000,"2/24/2016",NA,NA,"Traveling Survey",30,NA,NA,NA,NA,NA,NA,"Photograph",NA,NA,NA,"Peter Hall","Pending",NA,NA,NA,NA,"No","3/17/2016"
"30",176536,"Nymphalidae","Asterocampa","leilia",20,23250,"Sabino Canyon, Tucson","United States","Arizona",32.316116,-110.817686,46128,2000,"2/24/2016",NA,NA,"Traveling Survey",20,NA,NA,NA,NA,NA,NA,"Photograph",NA,NA,NA,"Peter Hall","Pending",NA,NA,NA,NA,"No","3/17/2016"
"31",176537,"Nymphalidae","Dymasia","dymas",1,23250,"Sabino Canyon, Tucson","United States","Arizona",32.316116,-110.817686,46128,2000,"2/24/2016",NA,NA,"Traveling Survey",1,NA,NA,NA,NA,NA,NA,"Sight",NA,NA,NA,"Peter Hall","Pending",NA,NA,NA,NA,"No","3/17/2016"
"32",176538,"Pieridae","Anthocharis","cethura",2,23250,"Sabino Canyon, Tucson","United States","Arizona",32.316116,-110.817686,46128,2000,"2/24/2016",NA,NA,"Traveling Survey",2,NA,NA,NA,NA,NA,NA,"Sight",NA,NA,NA,"Peter Hall","Pending",NA,NA,NA,NA,"No","3/17/2016"
"33",176539,"Riodinidae","Calephelis","nemesis",1,23250,"Sabino Canyon, Tucson","United States","Arizona",32.316116,-110.817686,46128,2000,"2/24/2016",NA,NA,"Traveling Survey",1,NA,NA,NA,NA,NA,NA,"Sight",NA,NA,NA,"Peter Hall","Pending",NA,NA,NA,NA,"No","3/17/2016"
"34",176560,"Hesperiidae","Erynnis","funeralis",2,23254,"Molino Basin, Mt. Lemmon Hwy","United States","Arizona",32.336849,-110.691676,46132,2000,"2/27/2016",NA,NA,"Traveling Survey",2,NA,NA,NA,NA,NA,NA,"Photograph",NA,NA,NA,"Peter Hall","Pending",NA,NA,NA,NA,"No","3/17/2016"
"35",176561,"Papilionidae","Battus","philenor",35,23254,"Molino Basin, Mt. Lemmon Hwy","United States","Arizona",32.336849,-110.691676,46132,2000,"2/27/2016",NA,NA,"Traveling Survey",35,NA,NA,NA,NA,NA,NA,"Sight",NA,NA,NA,"Peter Hall","Pending",NA,NA,NA,NA,"No","3/17/2016"
"36",176562,"Papilionidae","Papilio","multicaudata",3,23254,"Molino Basin, Mt. Lemmon Hwy","United States","Arizona",32.336849,-110.691676,46132,2000,"2/27/2016",NA,NA,"Traveling Survey",3,NA,NA,NA,NA,NA,NA,"Sight",NA,NA,NA,"Peter Hall","Pending",NA,NA,NA,NA,"No","3/17/2016"
"37",176563,"Pieridae","Anthocharis","sara",25,23254,"Molino Basin, Mt. Lemmon Hwy","United States","Arizona",32.336849,-110.691676,46132,2000,"2/27/2016",NA,NA,"Traveling Survey",25,NA,NA,NA,NA,NA,NA,"Sight",NA,NA,NA,"Peter Hall","Pending",NA,NA,NA,NA,"No","3/17/2016"
"38",176564,"Pieridae","Zerene","cesonia",2,23254,"Molino Basin, Mt. Lemmon Hwy","United States","Arizona",32.336849,-110.691676,46132,2000,"2/27/2016",NA,NA,"Traveling Survey",2,NA,NA,NA,NA,NA,NA,"Sight",NA,NA,NA,"Peter Hall","Pending",NA,NA,NA,NA,"No","3/17/2016"
"39",176565,"Pieridae","Eurema","mexicana",1,23254,"Molino Basin, Mt. Lemmon Hwy","United States","Arizona",32.336849,-110.691676,46132,2000,"2/27/2016",NA,NA,"Traveling Survey",1,NA,NA,NA,NA,NA,NA,"Sight",NA,NA,NA,"Peter Hall","Pending",NA,NA,NA,NA,"No","3/17/2016"
"40",176566,"Pieridae","Nathalis","iole",3,23254,"Molino Basin, Mt. Lemmon Hwy","United States","Arizona",32.336849,-110.691676,46132,2000,"2/27/2016",NA,NA,"Traveling Survey",3,NA,NA,NA,NA,NA,NA,"Sight",NA,NA,NA,"Peter Hall","Pending",NA,NA,NA,NA,"No","3/17/2016"
"41",176567,"Lycaenidae","Callophrys","grynea",1,23254,"Molino Basin, Mt. Lemmon Hwy","United States","Arizona",32.336849,-110.691676,46132,2000,"2/27/2016",NA,NA,"Traveling Survey",1,NA,NA,NA,NA,NA,NA,"Sight",NA,NA,NA,"Peter Hall","Pending",NA,NA,NA,NA,"No","3/17/2016"
"42",176568,"Lycaenidae","Strymon","melinus",1,23254,"Molino Basin, Mt. Lemmon Hwy","United States","Arizona",32.336849,-110.691676,46132,2000,"2/27/2016",NA,NA,"Traveling Survey",1,NA,NA,NA,NA,NA,NA,"Sight",NA,NA,NA,"Peter Hall","Pending",NA,NA,NA,NA,"No","3/17/2016"
"43",176569,"Lycaenidae","Celastrina","echo",20,23254,"Molino Basin, Mt. Lemmon Hwy","United States","Arizona",32.336849,-110.691676,46132,2000,"2/27/2016",NA,NA,"Traveling Survey",20,NA,NA,NA,NA,NA,NA,"Sight",NA,NA,NA,"Peter Hall","Pending",NA,NA,NA,NA,"No","3/17/2016"
"44",176570,"Nymphalidae","Libytheana","carinenta",2,23254,"Molino Basin, Mt. Lemmon Hwy","United States","Arizona",32.336849,-110.691676,46132,2000,"2/27/2016",NA,NA,"Traveling Survey",2,NA,NA,NA,NA,NA,NA,"Sight",NA,NA,NA,"Peter Hall","Pending",NA,NA,NA,NA,"No","3/17/2016"
"45",176571,"Nymphalidae","Chlosyne","acastus",3,23254,"Molino Basin, Mt. Lemmon Hwy","United States","Arizona",32.336849,-110.691676,46132,2000,"2/27/2016",NA,NA,"Traveling Survey",3,NA,NA,NA,NA,NA,NA,"Photograph",NA,NA,NA,"Peter Hall","Pending",NA,NA,NA,NA,"No","3/17/2016"
"46",176572,"Nymphalidae","Polygonia","satyrus",1,23254,"Molino Basin, Mt. Lemmon Hwy","United States","Arizona",32.336849,-110.691676,46132,2000,"2/27/2016",NA,NA,"Traveling Survey",1,NA,NA,NA,NA,NA,NA,"Photograph",NA,NA,NA,"Peter Hall","Pending",NA,NA,NA,NA,"No","3/17/2016"
"47",176573,"Nymphalidae","Vanessa","cardui",2,23254,"Molino Basin, Mt. Lemmon Hwy","United States","Arizona",32.336849,-110.691676,46132,2000,"2/27/2016",NA,NA,"Traveling Survey",2,NA,NA,NA,NA,NA,NA,"Sight",NA,NA,NA,"Peter Hall","Pending",NA,NA,NA,NA,"No","3/17/2016"
"48",176574,"Nymphalidae","Junonia","coenia",5,23254,"Molino Basin, Mt. Lemmon Hwy","United States","Arizona",32.336849,-110.691676,46132,2000,"2/27/2016",NA,NA,"Traveling Survey",5,NA,NA,NA,NA,NA,NA,"Sight",NA,NA,NA,"Peter Hall","Pending",NA,NA,NA,NA,"No","3/17/2016"
"49",176575,"Hesperiidae","Copaeodes","aurantiaca",1,23254,"Molino Basin, Mt. Lemmon Hwy","United States","Arizona",32.336849,-110.691676,46132,2000,"2/27/2016",NA,NA,"Traveling Survey",1,NA,NA,NA,NA,NA,NA,"Photograph",NA,NA,NA,"Peter Hall","Pending",NA,NA,NA,NA,"No","3/17/2016"
"50",176576,"Hesperiidae","Pyrgus","albescens",5,23254,"Molino Basin, Mt. Lemmon Hwy","United States","Arizona",32.336849,-110.691676,46132,2000,"2/27/2016",NA,NA,"Traveling Survey",5,NA,NA,NA,NA,NA,NA,"Photograph",NA,NA,NA,"Peter Hall","Pending",NA,NA,NA,NA,"No","3/17/2016"
"51",176577,"Lycaenidae","Plebejus","acmon",1,23254,"Molino Basin, Mt. Lemmon Hwy","United States","Arizona",32.336849,-110.691676,46132,2000,"2/27/2016",NA,NA,"Traveling Survey",1,NA,NA,NA,NA,NA,NA,"Sight",NA,NA,NA,"Peter Hall","Pending",NA,NA,NA,NA,"No","3/17/2016"
"52",180858,"Papilionidae","Battus","philenor",2,24119,"Sabino Canyon Recreation Area, Tucson","United States","Arizona",32.309733,-110.822628,47740,3,"4/14/2016",NA,NA,"Traveling Survey",2,NA,NA,NA,NA,NA,NA,"Sight",NA,NA,NA,"Paul Prappas","Pending",NA,NA,NA,NA,"No","5/11/2016"
"53",180859,"Pieridae","Pontia","sisymbrii",4,24119,"Sabino Canyon Recreation Area, Tucson","United States","Arizona",32.309733,-110.822628,47740,3,"4/14/2016",NA,NA,"Traveling Survey",4,NA,NA,NA,NA,NA,NA,"Sight",NA,NA,NA,"Paul Prappas","Pending",NA,NA,NA,NA,"No","5/11/2016"
"54",180860,"Pieridae","Abaeis","nicippe",2,24119,"Sabino Canyon Recreation Area, Tucson","United States","Arizona",32.309733,-110.822628,47740,3,"4/14/2016",NA,NA,"Traveling Survey",2,NA,NA,NA,NA,NA,NA,"Sight",NA,NA,NA,"Paul Prappas","Pending",NA,NA,NA,NA,"No","5/11/2016"
"55",180861,"Pieridae","Nathalis","iole",3,24119,"Sabino Canyon Recreation Area, Tucson","United States","Arizona",32.309733,-110.822628,47740,3,"4/14/2016",NA,NA,"Traveling Survey",3,NA,NA,NA,NA,NA,NA,"Sight",NA,NA,NA,"Paul Prappas","Pending",NA,NA,NA,NA,"No","5/11/2016"
"56",180862,"Lycaenidae","Echinargus","isola",2,24119,"Sabino Canyon Recreation Area, Tucson","United States","Arizona",32.309733,-110.822628,47740,3,"4/14/2016",NA,NA,"Traveling Survey",2,NA,NA,NA,NA,NA,NA,"Sight",NA,NA,NA,"Paul Prappas","Pending",NA,NA,NA,NA,"No","5/11/2016"
"57",180863,"Nymphalidae","Libytheana","carinenta",1,24119,"Sabino Canyon Recreation Area, Tucson","United States","Arizona",32.309733,-110.822628,47740,3,"4/14/2016",NA,NA,"Traveling Survey",1,NA,NA,NA,NA,NA,NA,"Sight",NA,NA,NA,"Paul Prappas","Pending",NA,NA,NA,NA,"No","5/11/2016"
"58",180866,"Nymphalidae","Anthanassa","texana",1,24119,"Sabino Canyon Recreation Area, Tucson","United States","Arizona",32.309733,-110.822628,47740,3,"4/14/2016",NA,NA,"Traveling Survey",1,NA,NA,NA,NA,NA,NA,"Sight",NA,NA,NA,"Paul Prappas","Pending",NA,NA,NA,NA,"No","5/11/2016"
"59",180867,"Nymphalidae","Asterocampa","leilia",2,24119,"Sabino Canyon Recreation Area, Tucson","United States","Arizona",32.309733,-110.822628,47740,3,"4/14/2016",NA,NA,"Traveling Survey",2,NA,NA,NA,NA,NA,NA,"Photograph",NA,NA,NA,"Paul Prappas","Pending",NA,NA,NA,NA,"No","5/11/2016"
"60",180868,"Nymphalidae","Chlosyne","lacinia",1,24119,"Sabino Canyon Recreation Area, Tucson","United States","Arizona",32.309733,-110.822628,47740,3,"4/14/2016",NA,NA,"Traveling Survey",1,NA,NA,NA,NA,NA,NA,"Sight",NA,NA,NA,"Paul Prappas","Pending",NA,NA,NA,NA,"No","5/11/2016"
"61",181202,"Hesperiidae","Hylephila","phyleus",1,24119,"Sabino Canyon Recreation Area, Tucson","United States","Arizona",32.309733,-110.822628,47740,3,"4/14/2016",NA,NA,"Traveling Survey",1,NA,NA,NA,NA,NA,NA,"Photograph",NA,NA,NA,"Paul Prappas","Pending",NA,NA,NA,NA,"No","5/12/2016"
"62",182294,"Papilionidae","Battus","philenor",2,24381,"Molino Basin Campground, Tucson, AZ, United States","United States","Arizona",32.33743,-110.690745,48110,NA,"5/16/2016",08:36:00,NA,"Incidental Observation(s)",2,NA,NA,NA,NA,NA,"primarily birding: http://ebird.org/ebird/view/checklist?subID=S29723942","Photograph",NA,NA,NA,"Laurens Halsey","Pending",NA,NA,NA,NA,"No","5/17/2016"
"63",205530,"Pieridae","Pontia","protodice",1,27426,"Bear Canyon trail, Sabino Canyon, Sabino Canyon Recreation Area, Pima Co,  AZ, United States","United States","Arizona",32.322298,-110.809812,52475,NA,"4/26/1990",08:00:00,16:00:00,"Incidental Observation(s)",1,NA,NA,NA,NA,NA,"Hiked up to Seven Falls in Sabino Canyon Recreation Area and collected 'outside' the boundary.","Sight",NA,NA,NA,"Jim Dreier","Pending",NA,NA,NA,NA,"No","7/31/2016"
"64",205531,"Pieridae","Zerene","cesonia",1,27426,"Bear Canyon trail, Sabino Canyon, Sabino Canyon Recreation Area, Pima Co,  AZ, United States","United States","Arizona",32.322298,-110.809812,52475,NA,"4/26/1990",08:00:00,16:00:00,"Incidental Observation(s)",1,NA,NA,NA,NA,NA,"Hiked up to Seven Falls in Sabino Canyon Recreation Area and collected 'outside' the boundary.","Collected",NA,NA,NA,"Jim Dreier","Pending",NA,NA,NA,NA,"No","7/31/2016"
"65",205532,"Pieridae","Nathalis","iole",1,27426,"Bear Canyon trail, Sabino Canyon, Sabino Canyon Recreation Area, Pima Co,  AZ, United States","United States","Arizona",32.322298,-110.809812,52475,NA,"4/26/1990",08:00:00,16:00:00,"Incidental Observation(s)",1,NA,NA,NA,NA,NA,"Hiked up to Seven Falls in Sabino Canyon Recreation Area and collected 'outside' the boundary.","Collected",NA,NA,NA,"Jim Dreier","Pending",NA,NA,NA,NA,"No","7/31/2016"
"66",205533,"Lycaenidae","Leptotes","marina",50,27426,"Bear Canyon trail, Sabino Canyon, Sabino Canyon Recreation Area, Pima Co,  AZ, United States","United States","Arizona",32.322298,-110.809812,52475,NA,"4/26/1990",08:00:00,16:00:00,"Incidental Observation(s)",50,NA,NA,NA,NA,NA,"Hiked up to Seven Falls in Sabino Canyon Recreation Area and collected 'outside' the boundary.","Collected",NA,NA,NA,"Jim Dreier","Pending",NA,NA,NA,NA,"No","7/31/2016"
"67",205534,"Nymphalidae","Libytheana","carinenta",25,27426,"Bear Canyon trail, Sabino Canyon, Sabino Canyon Recreation Area, Pima Co,  AZ, United States","United States","Arizona",32.322298,-110.809812,52475,NA,"4/26/1990",08:00:00,16:00:00,"Incidental Observation(s)",25,NA,NA,NA,NA,NA,"Hiked up to Seven Falls in Sabino Canyon Recreation Area and collected 'outside' the boundary.","Collected",NA,NA,NA,"Jim Dreier","Pending",NA,NA,NA,NA,"No","7/31/2016"
"68",205535,"Hesperiidae","Celotes","nessus",1,27426,"Bear Canyon trail, Sabino Canyon, Sabino Canyon Recreation Area, Pima Co,  AZ, United States","United States","Arizona",32.322298,-110.809812,52475,NA,"4/26/1990",08:00:00,16:00:00,"Incidental Observation(s)",1,NA,NA,NA,NA,NA,"Hiked up to Seven Falls in Sabino Canyon Recreation Area and collected 'outside' the boundary.","Sight",NA,NA,NA,"Jim Dreier","Pending",NA,NA,NA,NA,"No","7/31/2016"
"69",205537,"Hesperiidae","Systasea","zampa",1,27426,"Bear Canyon trail, Sabino Canyon, Sabino Canyon Recreation Area, Pima Co,  AZ, United States","United States","Arizona",32.322298,-110.809812,52475,NA,"4/26/1990",08:00:00,16:00:00,"Incidental Observation(s)",1,NA,NA,NA,NA,NA,"Hiked up to Seven Falls in Sabino Canyon Recreation Area and collected 'outside' the boundary.","Collected",NA,NA,NA,"Jim Dreier","Pending",NA,NA,NA,NA,"No","7/31/2016"
"70",205538,"Nymphalidae","Asterocampa","leilia",25,27426,"Bear Canyon trail, Sabino Canyon, Sabino Canyon Recreation Area, Pima Co,  AZ, United States","United States","Arizona",32.322298,-110.809812,52475,NA,"4/26/1990",08:00:00,16:00:00,"Incidental Observation(s)",25,NA,NA,NA,NA,NA,"Hiked up to Seven Falls in Sabino Canyon Recreation Area and collected 'outside' the boundary.","Collected",NA,NA,NA,"Jim Dreier","Pending",NA,NA,NA,NA,"No","7/31/2016"
"71",205539,"Nymphalidae","Dymasia","dymas",1,27426,"Bear Canyon trail, Sabino Canyon, Sabino Canyon Recreation Area, Pima Co,  AZ, United States","United States","Arizona",32.322298,-110.809812,52475,NA,"4/26/1990",08:00:00,16:00:00,"Incidental Observation(s)",1,NA,NA,NA,NA,NA,"Hiked up to Seven Falls in Sabino Canyon Recreation Area and collected 'outside' the boundary.","Collected",NA,NA,NA,"Jim Dreier","Pending",NA,NA,NA,NA,"No","7/31/2016"
"72",205540,"Nymphalidae","Texola","elada",1,27426,"Bear Canyon trail, Sabino Canyon, Sabino Canyon Recreation Area, Pima Co,  AZ, United States","United States","Arizona",32.322298,-110.809812,52475,NA,"4/26/1990",08:00:00,16:00:00,"Incidental Observation(s)",1,NA,NA,NA,NA,NA,"Hiked up to Seven Falls in Sabino Canyon Recreation Area and collected 'outside' the boundary.","Collected",NA,NA,NA,"Jim Dreier","Pending",NA,NA,NA,NA,"No","7/31/2016"
"73",205541,"Papilionidae","Battus","philenor",5,27426,"Bear Canyon trail, Sabino Canyon, Sabino Canyon Recreation Area, Pima Co,  AZ, United States","United States","Arizona",32.322298,-110.809812,52476,NA,"4/14/1987",08:00:00,15:00:00,"Incidental Observation(s)",5,NA,NA,NA,NA,NA,"Hiked up to Seven Falls trail starting within Sabino Canyon Rec area.  Collected beyond boundary.","Sight",NA,NA,NA,"Jim Dreier","Pending",NA,NA,NA,NA,"No","7/31/2016"
"74",205542,"Lycaenidae","Leptotes","marina",50,27426,"Bear Canyon trail, Sabino Canyon, Sabino Canyon Recreation Area, Pima Co,  AZ, United States","United States","Arizona",32.322298,-110.809812,52476,NA,"4/14/1987",08:00:00,15:00:00,"Incidental Observation(s)",50,NA,NA,NA,NA,NA,"Hiked up to Seven Falls trail starting within Sabino Canyon Rec area.  Collected beyond boundary.","Sight",NA,NA,NA,"Jim Dreier","Pending",NA,NA,NA,NA,"No","7/31/2016"
"75",205544,"Nymphalidae","Asterocampa","leilia",25,27426,"Bear Canyon trail, Sabino Canyon, Sabino Canyon Recreation Area, Pima Co,  AZ, United States","United States","Arizona",32.322298,-110.809812,52476,NA,"4/14/1987",08:00:00,15:00:00,"Incidental Observation(s)",25,NA,NA,NA,NA,NA,"Hiked up to Seven Falls trail starting within Sabino Canyon Rec area.  Collected beyond boundary.","Sight",NA,NA,NA,"Jim Dreier","Pending",NA,NA,NA,NA,"No","7/31/2016"
"76",205545,"Nymphalidae","Texola","elada",10,27426,"Bear Canyon trail, Sabino Canyon, Sabino Canyon Recreation Area, Pima Co,  AZ, United States","United States","Arizona",32.322298,-110.809812,52476,NA,"4/14/1987",08:00:00,15:00:00,"Incidental Observation(s)",10,NA,NA,NA,NA,NA,"Hiked up to Seven Falls trail starting within Sabino Canyon Rec area.  Collected beyond boundary.","Sight",NA,NA,NA,"Jim Dreier","Pending",NA,NA,NA,NA,"No","7/31/2016"
"77",208671,"Pieridae","Abaeis","nicippe",1,27426,"Bear Canyon trail, Sabino Canyon, Sabino Canyon Recreation Area, Pima Co,  AZ, United States","United States","Arizona",32.322298,-110.809812,53112,NA,"4/12/1987",09:00:00,15:00:00,"Incidental Observation(s)",1,NA,NA,NA,NA,NA,NA,"Collected",NA,NA,NA,"Jim Dreier","Pending",NA,NA,NA,NA,"No","8/10/2016"
"78",208672,"Nymphalidae","Anthanassa","texana",1,27426,"Bear Canyon trail, Sabino Canyon, Sabino Canyon Recreation Area, Pima Co,  AZ, United States","United States","Arizona",32.322298,-110.809812,53112,NA,"4/12/1987",09:00:00,15:00:00,"Incidental Observation(s)",1,NA,NA,NA,NA,NA,NA,"Collected",NA,NA,NA,"Jim Dreier","Pending",NA,NA,NA,NA,"No","8/10/2016"
"79",208673,"Nymphalidae","Dymasia","dymas",1,27426,"Bear Canyon trail, Sabino Canyon, Sabino Canyon Recreation Area, Pima Co,  AZ, United States","United States","Arizona",32.322298,-110.809812,53112,NA,"4/12/1987",09:00:00,15:00:00,"Incidental Observation(s)",1,NA,NA,NA,NA,NA,NA,"Collected",NA,NA,NA,"Jim Dreier","Pending",NA,NA,NA,NA,"No","8/10/2016"
"80",215473,"Lycaenidae","Ministrymon","leda",1,28728,"AZ Sabino Canyon","United States","Arizona",32.321991,-110.810841,54637,NA,"10/8/2005",NA,NA,"Incidental Observation(s)",1,NA,NA,NA,NA,NA,NA,"Photograph",NA,NA,NA,"Dave Czaplak","Pending",NA,NA,NA,NA,"Yes","8/29/2016"
"81",233041,"Nymphalidae","Vanessa","cardui",NA,29938,"Gordon Hirabayashi Campground, Pima County, AZ, United States","United States","Arizona",32.336496,-110.719571,57914,NA,"9/12/2015",NA,NA,"Incidental Observation(s)",NA,NA,NA,NA,NA,NA,NA,"Photograph",NA,NA,NA,"Terry Rosenmeier","Pending",NA,NA,NA,NA,"Yes","11/19/2016"
"82",233042,"Lycaenidae","Euphilotes","rita",NA,29938,"Gordon Hirabayashi Campground, Pima County, AZ, United States","United States","Arizona",32.336496,-110.719571,57914,NA,"9/12/2015",NA,NA,"Incidental Observation(s)",NA,NA,NA,NA,NA,NA,NA,"Photograph",NA,NA,NA,"Terry Rosenmeier","Pending",NA,NA,NA,NA,"Yes","11/19/2016"
"83",233047,"Lycaenidae","Euphilotes","rita",NA,29938,"Gordon Hirabayashi Campground, Pima County, AZ, United States","United States","Arizona",32.336496,-110.719571,57918,NA,"9/12/2015",NA,NA,"Incidental Observation(s)",NA,NA,NA,NA,NA,NA,NA,"Photograph",NA,NA,NA,"Karen Kluge","Pending",NA,NA,NA,NA,"Yes","11/19/2016"
"84",233048,"Nymphalidae","Vanessa","cardui",NA,29938,"Gordon Hirabayashi Campground, Pima County, AZ, United States","United States","Arizona",32.336496,-110.719571,57918,NA,"9/12/2015",NA,NA,"Incidental Observation(s)",NA,NA,NA,NA,NA,NA,NA,"Photograph",NA,NA,NA,"Karen Kluge","Pending",NA,NA,NA,NA,"Yes","11/19/2016"
"85",233208,"Riodinidae","Apodemia","mormo",1,29961,"Redington Pass Road, Pima County, AZ, United States","United States","Arizona",32.265195,-110.647048,57960,NA,"5/1/2016",NA,NA,"Incidental Observation(s)",1,NA,NA,NA,NA,NA,NA,"Photograph",NA,NA,NA,"Terry Rosenmeier","Pending",NA,NA,NA,NA,"Yes","11/20/2016"
"86",233213,"Riodinidae","Apodemia","mormo",1,29961,"Redington Pass Road, Pima County, AZ, United States","United States","Arizona",32.265195,-110.647048,57964,NA,"5/1/2016",NA,NA,"Incidental Observation(s)",1,NA,NA,NA,NA,NA,NA,"Photograph",NA,NA,NA,"Karen Kluge","Pending",NA,NA,NA,NA,"Yes","11/20/2016"
"87",240126,"Papilionidae","Battus","philenor",5,30336,"Sycamore Trail","United States","Arizona",32.341645,-110.733261,59435,5000,"3/12/2017",12:30:00,17:00:00,"Traveling Survey",5,NA,NA,NA,NA,NA,NA,"Sight",NA,NA,NA,"Sue Hennessy","Pending",NA,NA,NA,NA,"No","3/15/2017"
"88",240127,"Papilionidae","Papilio","multicaudata",8,30336,"Sycamore Trail","United States","Arizona",32.341645,-110.733261,59435,5000,"3/12/2017",12:30:00,17:00:00,"Traveling Survey",8,NA,NA,NA,NA,NA,NA,"Sight",NA,NA,NA,"Sue Hennessy","Pending",NA,NA,NA,NA,"No","3/15/2017"
"89",240128,"Pieridae","Euchloe","lotta",10,30336,"Sycamore Trail","United States","Arizona",32.341645,-110.733261,59435,5000,"3/12/2017",12:30:00,17:00:00,"Traveling Survey",10,NA,NA,NA,NA,NA,NA,"Sight",NA,NA,NA,"Sue Hennessy","Pending",NA,NA,NA,NA,"No","3/15/2017"
"90",240129,"Lycaenidae","Callophrys","grynea",1,30336,"Sycamore Trail","United States","Arizona",32.341645,-110.733261,59435,5000,"3/12/2017",12:30:00,17:00:00,"Traveling Survey",1,NA,NA,NA,NA,NA,NA,"Sight",NA,NA,NA,"Sue Hennessy","Pending",NA,NA,NA,NA,"No","3/15/2017"
"91",240130,"Lycaenidae","Callophrys","augustinus",2,30336,"Sycamore Trail","United States","Arizona",32.341645,-110.733261,59435,5000,"3/12/2017",12:30:00,17:00:00,"Traveling Survey",2,NA,NA,NA,NA,NA,NA,"Sight",NA,NA,NA,"Sue Hennessy","Pending",NA,NA,NA,NA,"No","3/15/2017"
"92",240131,"Lycaenidae","Strymon","melinus",2,30336,"Sycamore Trail","United States","Arizona",32.341645,-110.733261,59435,5000,"3/12/2017",12:30:00,17:00:00,"Traveling Survey",2,NA,NA,NA,NA,NA,NA,"Sight",NA,NA,NA,"Sue Hennessy","Pending",NA,NA,NA,NA,"No","3/15/2017"
"93",240132,"Lycaenidae","Leptotes","marina",3,30336,"Sycamore Trail","United States","Arizona",32.341645,-110.733261,59435,5000,"3/12/2017",12:30:00,17:00:00,"Traveling Survey",3,NA,NA,NA,NA,NA,NA,"Sight",NA,NA,NA,"Sue Hennessy","Pending",NA,NA,NA,NA,"No","3/15/2017"
"94",240133,"Lycaenidae","Celastrina","ladon",3,30336,"Sycamore Trail","United States","Arizona",32.341645,-110.733261,59435,5000,"3/12/2017",12:30:00,17:00:00,"Traveling Survey",3,NA,NA,NA,NA,NA,NA,"Sight",NA,NA,NA,"Sue Hennessy","Pending",NA,NA,NA,NA,"No","3/15/2017"
"95",253261,"Pieridae","Abaeis","nicippe",NA,27426,"Bear Canyon trail, Sabino Canyon, Sabino Canyon Recreation Area, Pima Co,  AZ, United States","United States","Arizona",32.322298,-110.809812,62495,NA,"4/14/1987",09:00:00,14:00:00,"Incidental Observation(s)",NA,NA,NA,NA,NA,NA,NA,"Collected",NA,NA,NA,"Jim Dreier","Pending",NA,NA,NA,NA,"Yes","6/6/2017"
"96",253262,"Nymphalidae","Libytheana","carinenta",NA,27426,"Bear Canyon trail, Sabino Canyon, Sabino Canyon Recreation Area, Pima Co,  AZ, United States","United States","Arizona",32.322298,-110.809812,62496,NA,"4/12/1987",09:00:00,14:00:00,"Incidental Observation(s)",NA,NA,NA,NA,NA,NA,NA,"Collected",NA,NA,NA,"Jim Dreier","Pending",NA,NA,NA,NA,"Yes","6/6/2017"
"97",265019,"Papilionidae","Papilio","multicaudata",2,32558,"Base of the Santa Catalinas","United States","Arizona",32.315286,-110.710446,64818,NA,"4/3/2012",NA,NA,"Incidental Observation(s)",2,NA,NA,NA,NA,NA,NA,"Photograph",NA,NA,NA,"Tim Allison","Pending",NA,NA,NA,NA,"Yes","7/13/2017"
"98",265020,"Nymphalidae","Libytheana","carinenta",1,32558,"Base of the Santa Catalinas","United States","Arizona",32.315286,-110.710446,64818,NA,"4/3/2012",NA,NA,"Incidental Observation(s)",1,NA,NA,NA,NA,NA,NA,"Photograph",NA,NA,NA,"Tim Allison","Pending",NA,NA,NA,NA,"Yes","7/13/2017"
"99",281521,"Lycaenidae","Strymon","istapa",1,24119,"Sabino Canyon Recreation Area, Tucson","United States","Arizona",32.309733,-110.822628,47740,3,"4/14/2016",NA,NA,"Traveling Survey",1,NA,NA,NA,NA,NA,NA,"Photograph",NA,NA,NA,"Paul Prappas","Pending",NA,NA,NA,NA,"No","9/7/2017"
"100",281919,"Hesperiidae","Heliopyrgus","domicella",1,24119,"Sabino Canyon Recreation Area, Tucson","United States","Arizona",32.309733,-110.822628,47740,3,"4/14/2016",NA,NA,"Traveling Survey",1,NA,NA,NA,NA,NA,NA,"Photograph",NA,NA,NA,"Paul Prappas","Pending",NA,NA,NA,NA,"No","9/11/2017"
"101",290532,"Papilionidae","Battus","philenor",10,23250,"Sabino Canyon, Tucson","United States","Arizona",32.316116,-110.817686,71576,1500,"9/21/2017",NA,NA,"Traveling Survey",10,NA,NA,NA,NA,NA,NA,"Sight",NA,NA,NA,"Peter Hall","Pending",NA,NA,NA,NA,"No","10/12/2017"
"102",290533,"Pieridae","Zerene","cesonia",5,23250,"Sabino Canyon, Tucson","United States","Arizona",32.316116,-110.817686,71576,1500,"9/21/2017",NA,NA,"Traveling Survey",5,NA,NA,NA,NA,NA,NA,"Sight",NA,NA,NA,"Peter Hall","Pending",NA,NA,NA,NA,"No","10/12/2017"
"103",290534,"Pieridae","Phoebis","sennae",10,23250,"Sabino Canyon, Tucson","United States","Arizona",32.316116,-110.817686,71576,1500,"9/21/2017",NA,NA,"Traveling Survey",10,NA,NA,NA,NA,NA,NA,"Sight",NA,NA,NA,"Peter Hall","Pending",NA,NA,NA,NA,"No","10/12/2017"
"104",290535,"Pieridae","Abaeis","nicippe",10,23250,"Sabino Canyon, Tucson","United States","Arizona",32.316116,-110.817686,71576,1500,"9/21/2017",NA,NA,"Traveling Survey",10,NA,NA,NA,NA,NA,NA,"Sight",NA,NA,NA,"Peter Hall","Pending",NA,NA,NA,NA,"No","10/12/2017"
"105",290536,"Nymphalidae","Libytheana","carinenta",10,23250,"Sabino Canyon, Tucson","United States","Arizona",32.316116,-110.817686,71576,1500,"9/21/2017",NA,NA,"Traveling Survey",10,NA,NA,NA,NA,NA,NA,"Sight",NA,NA,NA,"Peter Hall","Pending",NA,NA,NA,NA,"No","10/12/2017"
"106",290537,"Hesperiidae","Heliopyrgus","domicella",2,23250,"Sabino Canyon, Tucson","United States","Arizona",32.316116,-110.817686,71576,1500,"9/21/2017",NA,NA,"Traveling Survey",2,NA,NA,NA,NA,NA,NA,"Photograph",NA,NA,NA,"Peter Hall","Pending",NA,NA,NA,NA,"No","10/12/2017"
"107",290538,"Nymphalidae","Asterocampa","leilia",100,23250,"Sabino Canyon, Tucson","United States","Arizona",32.316116,-110.817686,71576,1500,"9/21/2017",NA,NA,"Traveling Survey",100,NA,NA,NA,NA,NA,NA,"Photograph",NA,NA,NA,"Peter Hall","Pending",NA,NA,NA,NA,"No","10/12/2017"
"108",290539,"Nymphalidae","Danaus","gilippus",5,23250,"Sabino Canyon, Tucson","United States","Arizona",32.316116,-110.817686,71576,1500,"9/21/2017",NA,NA,"Traveling Survey",5,NA,NA,NA,NA,NA,NA,"Sight",NA,NA,NA,"Peter Hall","Pending",NA,NA,NA,NA,"No","10/12/2017"
"109",290540,"Riodinidae","Apodemia","palmerii",1,23250,"Sabino Canyon, Tucson","United States","Arizona",32.316116,-110.817686,71576,1500,"9/21/2017",NA,NA,"Traveling Survey",1,NA,NA,NA,NA,NA,NA,"Photograph",NA,NA,NA,"Peter Hall","Pending",NA,NA,NA,NA,"No","10/12/2017"
"110",290774,"Hesperiidae","Erynnis","funeralis",2,23254,"Molino Basin, Mt. Lemmon Hwy","United States","Arizona",32.336849,-110.691676,71685,500,"9/22/2017",NA,NA,"Area Survey",2,NA,NA,NA,NA,NA,NA,"Sight",NA,NA,NA,"Peter Hall","Pending",NA,NA,NA,NA,"No","10/14/2017"
"111",290775,"Papilionidae","Battus","philenor",5,23254,"Molino Basin, Mt. Lemmon Hwy","United States","Arizona",32.336849,-110.691676,71685,500,"9/22/2017",NA,NA,"Area Survey",5,NA,NA,NA,NA,NA,NA,"Sight",NA,NA,NA,"Peter Hall","Pending",NA,NA,NA,NA,"No","10/14/2017"
"112",290776,"Papilionidae","Papilio","multicaudata",2,23254,"Molino Basin, Mt. Lemmon Hwy","United States","Arizona",32.336849,-110.691676,71685,500,"9/22/2017",NA,NA,"Area Survey",2,NA,NA,NA,NA,NA,NA,"Sight",NA,NA,NA,"Peter Hall","Pending",NA,NA,NA,NA,"No","10/14/2017"
"113",290777,"Pieridae","Zerene","cesonia",10,23254,"Molino Basin, Mt. Lemmon Hwy","United States","Arizona",32.336849,-110.691676,71685,500,"9/22/2017",NA,NA,"Area Survey",10,NA,NA,NA,NA,NA,NA,"Sight",NA,NA,NA,"Peter Hall","Pending",NA,NA,NA,NA,"No","10/14/2017"
"114",290778,"Pieridae","Phoebis","sennae",5,23254,"Molino Basin, Mt. Lemmon Hwy","United States","Arizona",32.336849,-110.691676,71685,500,"9/22/2017",NA,NA,"Area Survey",5,NA,NA,NA,NA,NA,NA,"Sight",NA,NA,NA,"Peter Hall","Pending",NA,NA,NA,NA,"No","10/14/2017"
"115",290779,"Pieridae","Eurema","mexicana",2,23254,"Molino Basin, Mt. Lemmon Hwy","United States","Arizona",32.336849,-110.691676,71685,500,"9/22/2017",NA,NA,"Area Survey",2,NA,NA,NA,NA,NA,NA,"Sight",NA,NA,NA,"Peter Hall","Pending",NA,NA,NA,NA,"No","10/14/2017"
"116",290780,"Pieridae","Abaeis","nicippe",5,23254,"Molino Basin, Mt. Lemmon Hwy","United States","Arizona",32.336849,-110.691676,71685,500,"9/22/2017",NA,NA,"Area Survey",5,NA,NA,NA,NA,NA,NA,"Sight",NA,NA,NA,"Peter Hall","Pending",NA,NA,NA,NA,"No","10/14/2017"
"117",290781,"Lycaenidae","Strymon","melinus",3,23254,"Molino Basin, Mt. Lemmon Hwy","United States","Arizona",32.336849,-110.691676,71685,500,"9/22/2017",NA,NA,"Area Survey",3,NA,NA,NA,NA,NA,NA,"Sight",NA,NA,NA,"Peter Hall","Pending",NA,NA,NA,NA,"No","10/14/2017"
"118",290782,"Lycaenidae","Leptotes","marina",5,23254,"Molino Basin, Mt. Lemmon Hwy","United States","Arizona",32.336849,-110.691676,71685,500,"9/22/2017",NA,NA,"Area Survey",5,NA,NA,NA,NA,NA,NA,"Sight",NA,NA,NA,"Peter Hall","Pending",NA,NA,NA,NA,"No","10/14/2017"
"119",290783,"Lycaenidae","Celastrina","echo",4,23254,"Molino Basin, Mt. Lemmon Hwy","United States","Arizona",32.336849,-110.691676,71685,500,"9/22/2017",NA,NA,"Area Survey",4,NA,NA,NA,NA,NA,NA,"Sight",NA,NA,NA,"Peter Hall","Pending",NA,NA,NA,NA,"No","10/14/2017"
"120",290784,"Nymphalidae","Libytheana","carinenta",10,23254,"Molino Basin, Mt. Lemmon Hwy","United States","Arizona",32.336849,-110.691676,71685,500,"9/22/2017",NA,NA,"Area Survey",10,NA,NA,NA,NA,NA,NA,"Sight",NA,NA,NA,"Peter Hall","Pending",NA,NA,NA,NA,"No","10/14/2017"
"121",290785,"Nymphalidae","Euptoieta","claudia",2,23254,"Molino Basin, Mt. Lemmon Hwy","United States","Arizona",32.336849,-110.691676,71685,500,"9/22/2017",NA,NA,"Area Survey",2,NA,NA,NA,NA,NA,NA,"Photograph",NA,NA,NA,"Peter Hall","Pending",NA,NA,NA,NA,"No","10/14/2017"
"122",290786,"Nymphalidae","Vanessa","cardui",5,23254,"Molino Basin, Mt. Lemmon Hwy","United States","Arizona",32.336849,-110.691676,71685,500,"9/22/2017",NA,NA,"Area Survey",5,NA,NA,NA,NA,NA,NA,"Sight",NA,NA,NA,"Peter Hall","Pending",NA,NA,NA,NA,"No","10/14/2017"
"123",290787,"Nymphalidae","Limenitis","Limenitis arthemis astyanax",1,23254,"Molino Basin, Mt. Lemmon Hwy","United States","Arizona",32.336849,-110.691676,71685,500,"9/22/2017",NA,NA,"Area Survey",1,NA,NA,NA,NA,NA,NA,"Sight",NA,NA,NA,"Peter Hall","Pending",NA,NA,NA,NA,"No","10/14/2017"
"124",290788,"Lycaenidae","Hemiargus","ceraunus",1,23254,"Molino Basin, Mt. Lemmon Hwy","United States","Arizona",32.336849,-110.691676,71685,500,"9/22/2017",NA,NA,"Area Survey",1,NA,NA,NA,NA,NA,NA,"Sight",NA,NA,NA,"Peter Hall","Pending",NA,NA,NA,NA,"No","10/14/2017"
"125",290789,"Nymphalidae","Adelpha","eulalia",3,23254,"Molino Basin, Mt. Lemmon Hwy","United States","Arizona",32.336849,-110.691676,71685,500,"9/22/2017",NA,NA,"Area Survey",3,NA,NA,NA,NA,NA,NA,"Sight",NA,NA,NA,"Peter Hall","Pending",NA,NA,NA,NA,"No","10/14/2017"
"126",290790,"Nymphalidae","Chlosyne","lacinia",2,23254,"Molino Basin, Mt. Lemmon Hwy","United States","Arizona",32.336849,-110.691676,71685,500,"9/22/2017",NA,NA,"Area Survey",2,NA,NA,NA,NA,NA,NA,"Photograph",NA,NA,NA,"Peter Hall","Pending",NA,NA,NA,NA,"No","10/14/2017"
"127",290791,"Nymphalidae","Danaus","gilippus",5,23254,"Molino Basin, Mt. Lemmon Hwy","United States","Arizona",32.336849,-110.691676,71685,500,"9/22/2017",NA,NA,"Area Survey",5,NA,NA,NA,NA,NA,NA,"Sight",NA,NA,NA,"Peter Hall","Pending",NA,NA,NA,NA,"No","10/14/2017"
"128",290792,"Riodinidae","Calephelis","nemesis",1,23254,"Molino Basin, Mt. Lemmon Hwy","United States","Arizona",32.336849,-110.691676,71685,500,"9/22/2017",NA,NA,"Area Survey",1,NA,NA,NA,NA,NA,NA,"Photograph",NA,NA,NA,"Peter Hall","Pending",NA,NA,NA,NA,"No","10/14/2017"
"129",290796,"Hesperiidae","Erynnis","pacuvius",1,34926,"Sabino Canyon tram ride, Tucson","United States","Arizona",32.331673,-110.791025,71687,NA,"9/23/2017",NA,NA,"Incidental Observation(s)",1,NA,NA,NA,NA,NA,"Took 5 km tram ride to end of canyon. walked part way back down","Sight",NA,NA,NA,"Peter Hall","Pending",NA,NA,NA,NA,"No","10/14/2017"
"130",290797,"Papilionidae","Papilio","rumiko",1,34926,"Sabino Canyon tram ride, Tucson","United States","Arizona",32.331673,-110.791025,71687,NA,"9/23/2017",NA,NA,"Incidental Observation(s)",1,NA,NA,NA,NA,NA,"Took 5 km tram ride to end of canyon. walked part way back down","Sight",NA,NA,"should be Western Giant Swallowtail. not in list","Peter Hall","Vetted","Valid","eButterfly Admin","2/24/2019",NA,"No","10/14/2017"
"131",290798,"Papilionidae","Papilio","multicaudata",3,34926,"Sabino Canyon tram ride, Tucson","United States","Arizona",32.331673,-110.791025,71687,NA,"9/23/2017",NA,NA,"Incidental Observation(s)",3,NA,NA,NA,NA,NA,"Took 5 km tram ride to end of canyon. walked part way back down","Sight",NA,NA,NA,"Peter Hall","Pending",NA,NA,NA,NA,"No","10/14/2017"
"132",290799,"Pieridae","Zerene","cesonia",10,34926,"Sabino Canyon tram ride, Tucson","United States","Arizona",32.331673,-110.791025,71687,NA,"9/23/2017",NA,NA,"Incidental Observation(s)",10,NA,NA,NA,NA,NA,"Took 5 km tram ride to end of canyon. walked part way back down","Sight",NA,NA,NA,"Peter Hall","Pending",NA,NA,NA,NA,"No","10/14/2017"
"133",290800,"Pieridae","Phoebis","sennae",10,34926,"Sabino Canyon tram ride, Tucson","United States","Arizona",32.331673,-110.791025,71687,NA,"9/23/2017",NA,NA,"Incidental Observation(s)",10,NA,NA,NA,NA,NA,"Took 5 km tram ride to end of canyon. walked part way back down","Photograph",NA,NA,NA,"Peter Hall","Pending",NA,NA,NA,NA,"No","10/14/2017"
"134",290801,"Pieridae","Eurema","mexicana",2,34926,"Sabino Canyon tram ride, Tucson","United States","Arizona",32.331673,-110.791025,71687,NA,"9/23/2017",NA,NA,"Incidental Observation(s)",2,NA,NA,NA,NA,NA,"Took 5 km tram ride to end of canyon. walked part way back down","Sight",NA,NA,NA,"Peter Hall","Pending",NA,NA,NA,NA,"No","10/14/2017"
"135",290802,"Pieridae","Abaeis","nicippe",10,34926,"Sabino Canyon tram ride, Tucson","United States","Arizona",32.331673,-110.791025,71687,NA,"9/23/2017",NA,NA,"Incidental Observation(s)",10,NA,NA,NA,NA,NA,"Took 5 km tram ride to end of canyon. walked part way back down","Sight",NA,NA,NA,"Peter Hall","Pending",NA,NA,NA,NA,"No","10/14/2017"
"136",290803,"Pieridae","Nathalis","iole",1,34926,"Sabino Canyon tram ride, Tucson","United States","Arizona",32.331673,-110.791025,71687,NA,"9/23/2017",NA,NA,"Incidental Observation(s)",1,NA,NA,NA,NA,NA,"Took 5 km tram ride to end of canyon. walked part way back down","Sight",NA,NA,NA,"Peter Hall","Pending",NA,NA,NA,NA,"No","10/14/2017"
"137",290804,"Lycaenidae","Strymon","melinus",3,34926,"Sabino Canyon tram ride, Tucson","United States","Arizona",32.331673,-110.791025,71687,NA,"9/23/2017",NA,NA,"Incidental Observation(s)",3,NA,NA,NA,NA,NA,"Took 5 km tram ride to end of canyon. walked part way back down","Photograph",NA,NA,NA,"Peter Hall","Pending",NA,NA,NA,NA,"No","10/14/2017"
"138",290805,"Lycaenidae","Celastrina","echo",5,34926,"Sabino Canyon tram ride, Tucson","United States","Arizona",32.331673,-110.791025,71687,NA,"9/23/2017",NA,NA,"Incidental Observation(s)",5,NA,NA,NA,NA,NA,"Took 5 km tram ride to end of canyon. walked part way back down","Sight",NA,NA,NA,"Peter Hall","Pending",NA,NA,NA,NA,"No","10/14/2017"
"139",290806,"Nymphalidae","Libytheana","carinenta",10,34926,"Sabino Canyon tram ride, Tucson","United States","Arizona",32.331673,-110.791025,71687,NA,"9/23/2017",NA,NA,"Incidental Observation(s)",10,NA,NA,NA,NA,NA,"Took 5 km tram ride to end of canyon. walked part way back down","Sight",NA,NA,NA,"Peter Hall","Pending",NA,NA,NA,NA,"No","10/14/2017"
"140",290807,"Nymphalidae","Agraulis","vanillae",1,34926,"Sabino Canyon tram ride, Tucson","United States","Arizona",32.331673,-110.791025,71687,NA,"9/23/2017",NA,NA,"Incidental Observation(s)",1,NA,NA,NA,NA,NA,"Took 5 km tram ride to end of canyon. walked part way back down","Sight",NA,NA,NA,"Peter Hall","Pending",NA,NA,NA,NA,"No","10/14/2017"
"141",290808,"Nymphalidae","Vanessa","cardui",3,34926,"Sabino Canyon tram ride, Tucson","United States","Arizona",32.331673,-110.791025,71687,NA,"9/23/2017",NA,NA,"Incidental Observation(s)",3,NA,NA,NA,NA,NA,"Took 5 km tram ride to end of canyon. walked part way back down","Sight",NA,NA,NA,"Peter Hall","Pending",NA,NA,NA,NA,"No","10/14/2017"
"142",290809,"Nymphalidae","Limenitis","Limenitis arthemis astyanax",1,34926,"Sabino Canyon tram ride, Tucson","United States","Arizona",32.331673,-110.791025,71687,NA,"9/23/2017",NA,NA,"Incidental Observation(s)",1,NA,NA,NA,NA,NA,"Took 5 km tram ride to end of canyon. walked part way back down","Sight",NA,NA,NA,"Peter Hall","Pending",NA,NA,NA,NA,"No","10/14/2017"
"143",290810,"Nymphalidae","Asterocampa","leilia",30,34926,"Sabino Canyon tram ride, Tucson","United States","Arizona",32.331673,-110.791025,71687,NA,"9/23/2017",NA,NA,"Incidental Observation(s)",30,NA,NA,NA,NA,NA,"Took 5 km tram ride to end of canyon. walked part way back down","Photograph",NA,NA,NA,"Peter Hall","Pending",NA,NA,NA,NA,"No","10/14/2017"
"144",290811,"Nymphalidae","Cyllopsis","pyracmon",1,34926,"Sabino Canyon tram ride, Tucson","United States","Arizona",32.331673,-110.791025,71687,NA,"9/23/2017",NA,NA,"Incidental Observation(s)",1,NA,NA,NA,NA,NA,"Took 5 km tram ride to end of canyon. walked part way back down","Sight",NA,NA,NA,"Peter Hall","Pending",NA,NA,NA,NA,"No","10/14/2017"
"145",290812,"Nymphalidae","Danaus","gilippus",2,34926,"Sabino Canyon tram ride, Tucson","United States","Arizona",32.331673,-110.791025,71687,NA,"9/23/2017",NA,NA,"Incidental Observation(s)",2,NA,NA,NA,NA,NA,"Took 5 km tram ride to end of canyon. walked part way back down","Sight",NA,NA,NA,"Peter Hall","Pending",NA,NA,NA,NA,"No","10/14/2017"
"146",290813,"Pieridae","Anteos","clorinde",1,34926,"Sabino Canyon tram ride, Tucson","United States","Arizona",32.331673,-110.791025,71687,NA,"9/23/2017",NA,NA,"Incidental Observation(s)",1,NA,NA,NA,NA,NA,"Took 5 km tram ride to end of canyon. walked part way back down","Sight",NA,NA,"Seen between tram stops 4 and 5. flew high up down slope dropping down to waters edge in creek near me. saw as very large and white/green. continued on down canyon. Also seen by Judy Hall. never stopped for photo","Peter Hall","Pending",NA,NA,NA,NA,"No","10/14/2017"
"147",294004,"Nymphalidae","Junonia","coenia",3,24119,"Sabino Canyon Recreation Area, Tucson","United States","Arizona",32.309733,-110.822628,47740,3,"4/14/2016",NA,NA,"Traveling Survey",3,NA,NA,NA,NA,NA,NA,"Photograph",NA,NA,NA,"Paul Prappas","Pending",NA,NA,NA,NA,"No","10/25/2017"
"148",350654,"Pieridae","Pontia","protodice",2,40331,"Agua Caliente-La Milagrosa canyon mouth","United States","Arizona",32.297012,-110.716574,87408,NA,"1/30/2019",NA,NA,"Incidental Observation(s)",NA,NA,NA,NA,NA,NA,NA,"Photograph",NA,NA,NA,"Paul Suchanek","Pending",NA,NA,NA,NA,"No","1/30/2019"
"149",350655,"Lycaenidae","Leptotes","marina",1,40331,"Agua Caliente-La Milagrosa canyon mouth","United States","Arizona",32.297012,-110.716574,87408,NA,"1/30/2019",NA,NA,"Incidental Observation(s)",NA,NA,NA,NA,NA,NA,NA,"Photograph",NA,NA,NA,"Paul Suchanek","Pending",NA,NA,NA,NA,"No","1/30/2019"
"150",350656,"Nymphalidae","Vanessa","cardui",1,40331,"Agua Caliente-La Milagrosa canyon mouth","United States","Arizona",32.297012,-110.716574,87408,NA,"1/30/2019",NA,NA,"Incidental Observation(s)",NA,NA,NA,NA,NA,NA,NA,"Photograph",NA,NA,NA,"Paul Suchanek","Pending",NA,NA,NA,NA,"No","1/30/2019"
"151",350657,"Nymphalidae","Anthanassa","texana",5,40331,"Agua Caliente-La Milagrosa canyon mouth","United States","Arizona",32.297012,-110.716574,87408,NA,"1/30/2019",NA,NA,"Incidental Observation(s)",NA,NA,NA,NA,NA,NA,NA,"Photograph",NA,NA,NA,"Paul Suchanek","Pending",NA,NA,NA,NA,"No","1/30/2019"
"152",350658,"Pieridae","Euchloe","lotta",1,40332,"Saguaro NP-East-upper Douglas Spring Trail","United States","Arizona",32.228792,-110.636095,87409,NA,"1/27/2019",NA,NA,"Incidental Observation(s)",NA,NA,NA,NA,NA,NA,NA,"Photograph",NA,NA,NA,"Paul Suchanek","Pending",NA,NA,NA,NA,"No","1/30/2019"
"153",350659,"Lycaenidae","Leptotes","marina",1,40332,"Saguaro NP-East-upper Douglas Spring Trail","United States","Arizona",32.228792,-110.636095,87409,NA,"1/27/2019",NA,NA,"Incidental Observation(s)",NA,NA,NA,NA,NA,NA,NA,"Photograph",NA,NA,NA,"Paul Suchanek","Pending",NA,NA,NA,NA,"No","1/30/2019"
"154",350660,"Nymphalidae","Junonia","genoveva",1,40332,"Saguaro NP-East-upper Douglas Spring Trail","United States","Arizona",32.228792,-110.636095,87409,NA,"1/27/2019",NA,NA,"Incidental Observation(s)",NA,NA,NA,NA,NA,NA,NA,"Photograph",NA,NA,NA,"Paul Suchanek","Pending",NA,NA,NA,NA,"No","1/30/2019"
"155",350661,"Pieridae","Pyrisitia","proterpia",1,40332,"Saguaro NP-East-upper Douglas Spring Trail","United States","Arizona",32.228792,-110.636095,87409,NA,"1/27/2019",NA,NA,"Incidental Observation(s)",NA,NA,NA,NA,NA,NA,NA,"Photograph",NA,NA,NA,"Paul Suchanek","Pending",NA,NA,NA,NA,"No","1/30/2019"
"156",350890,"Pieridae","Nathalis","iole",4,40353,"Tanque Verde Wash-TV Loop Rd","United States","Arizona",32.242443,-110.750333,87451,NA,"2/5/2019",14:10:00,NA,"Incidental Observation(s)",NA,NA,NA,NA,NA,NA,NA,"Photograph",NA,NA,NA,"Paul Suchanek","Pending",NA,NA,NA,NA,"No","2/7/2019"
"157",351263,"Pieridae","Pontia","protodice",1,40376,"Saguaro NP-East-lower Monument Wash","United States","Arizona",32.232111,-110.702898,87494,NA,"2/16/2019",NA,NA,"Incidental Observation(s)",1,NA,NA,NA,NA,NA,NA,"Photograph",NA,NA,NA,"Paul Suchanek","Pending",NA,NA,NA,NA,"No","2/16/2019"
"158",351416,"Nymphalidae","Junonia","coenia",1,40396,"Saguaro NP-East-Deer Valley Trail","United States","Arizona",32.2209,-110.698218,87537,NA,"2/25/2019",10:45:00,NA,"Incidental Observation(s)",NA,NA,NA,NA,NA,NA,NA,"Photograph",NA,NA,NA,"Paul Suchanek","Pending",NA,NA,NA,NA,"No","2/26/2019"
"159",351417,"Pieridae","Abaeis","nicippe",1,40397,"Saguaro NP-East-Creosote Trail","United States","Arizona",32.229938,-110.692521,87538,NA,"2/25/2019",11:15:00,NA,"Incidental Observation(s)",NA,NA,NA,NA,NA,NA,NA,"Photograph",NA,NA,NA,"Paul Suchanek","Pending",NA,NA,NA,NA,"No","2/26/2019"
"160",351418,"Pieridae","Anthocharis","cethura",1,40397,"Saguaro NP-East-Creosote Trail","United States","Arizona",32.229938,-110.692521,87538,NA,"2/25/2019",11:15:00,NA,"Incidental Observation(s)",NA,NA,NA,NA,NA,NA,NA,"Photograph",NA,NA,NA,"Paul Suchanek","Pending",NA,NA,NA,NA,"No","2/26/2019"
"161",351438,"Pieridae","Nathalis","iole",10,40398,"Mt Lemmon-lower Bug Spring Trail","United States","Arizona",32.347983,-110.71373,87547,NA,"2/28/2019",08:30:00,NA,"Incidental Observation(s)",NA,NA,NA,NA,NA,NA,"average elevation 5400 ft","Sight",NA,NA,NA,"Paul Suchanek","Pending",NA,NA,NA,NA,"No","2/28/2019"
"162",351439,"Lycaenidae","Callophrys","augustinus",1,40398,"Mt Lemmon-lower Bug Spring Trail","United States","Arizona",32.347983,-110.71373,87547,NA,"2/28/2019",08:30:00,NA,"Incidental Observation(s)",1,NA,NA,NA,NA,NA,"average elevation 5400 ft","Photograph",NA,NA,"feeding on blooming manzanita","Paul Suchanek","Pending",NA,NA,NA,NA,"No","2/28/2019"
"163",351440,"Nymphalidae","Vanessa","cardui",3,40398,"Mt Lemmon-lower Bug Spring Trail","United States","Arizona",32.347983,-110.71373,87547,NA,"2/28/2019",08:30:00,NA,"Incidental Observation(s)",3,NA,NA,NA,NA,NA,"average elevation 5400 ft","Photograph",NA,NA,"feeding on blooming manzanita","Paul Suchanek","Pending",NA,NA,NA,NA,"No","2/28/2019"
"164",351466,"Pieridae","Zerene","cesonia",1,40397,"Saguaro NP-East-Creosote Trail","United States","Arizona",32.229938,-110.692521,87555,NA,"3/1/2019",10:10:00,NA,"Incidental Observation(s)",NA,NA,NA,NA,NA,NA,NA,"Photograph",NA,NA,NA,"Paul Suchanek","Pending",NA,NA,NA,NA,"No","3/3/2019"
"165",351467,"Pieridae","Nathalis","iole",2,40397,"Saguaro NP-East-Creosote Trail","United States","Arizona",32.229938,-110.692521,87555,NA,"3/1/2019",10:10:00,NA,"Incidental Observation(s)",NA,NA,NA,NA,NA,NA,NA,"Photograph",NA,NA,NA,"Paul Suchanek","Pending",NA,NA,NA,NA,"No","3/3/2019"
"166",351468,"Hesperiidae","Pyrgus","albescens",1,40397,"Saguaro NP-East-Creosote Trail","United States","Arizona",32.229938,-110.692521,87555,NA,"3/1/2019",10:10:00,NA,"Incidental Observation(s)",NA,NA,NA,NA,NA,NA,NA,"Photograph",NA,NA,NA,"Paul Suchanek","Pending",NA,NA,NA,NA,"No","3/3/2019"
"167",351544,"Pieridae","Abaeis","nicippe",1,40407,"Redington Road-mile 9-concrete tank","United States","Arizona",32.297021,-110.619791,87559,NA,"3/4/2019",12:00:00,NA,"Incidental Observation(s)",NA,NA,NA,NA,NA,NA,NA,"Photograph",NA,NA,NA,"Paul Suchanek","Pending",NA,NA,NA,NA,"No","3/4/2019"
"168",351545,"Hesperiidae","Staphylus","ceos",2,40407,"Redington Road-mile 9-concrete tank","United States","Arizona",32.297021,-110.619791,87559,NA,"3/4/2019",12:00:00,NA,"Incidental Observation(s)",NA,NA,NA,NA,NA,NA,NA,"Photograph",NA,NA,NA,"Paul Suchanek","Pending",NA,NA,NA,NA,"No","3/4/2019"
"169",351566,"Papilionidae","Battus","philenor",2,40376,"Saguaro NP-East-lower Monument Wash","United States","Arizona",32.232111,-110.702898,87565,NA,"3/6/2019",08:30:00,NA,"Incidental Observation(s)",NA,NA,NA,NA,NA,NA,NA,"Photograph",NA,NA,NA,"Paul Suchanek","Pending",NA,NA,NA,NA,"No","3/7/2019"
"170",351568,"Nymphalidae","Danaus","plexippus",1,40412,"Tanque Verde Wash-Wentworth","United States","Arizona",32.240695,-110.722017,87567,NA,"3/7/2019",NA,NA,"Incidental Observation(s)",NA,NA,NA,NA,NA,NA,NA,"Sight",NA,NA,"first seen for year","Paul Suchanek","Pending",NA,NA,NA,NA,"No","3/7/2019"
"171",352366,"Nymphalidae","Danaus","gilippus",1,40376,"Saguaro NP-East-lower Monument Wash","United States","Arizona",32.232111,-110.702898,87727,NA,"3/17/2019",NA,NA,"Incidental Observation(s)",NA,NA,NA,NA,NA,NA,NA,"Photograph",NA,NA,NA,"Paul Suchanek","Pending",NA,NA,NA,NA,"No","3/23/2019"
"172",352367,"Nymphalidae","Euptoieta","claudia",1,40483,"Redington Road--Arizona Trail","United States","Arizona",32.307736,-110.573776,87728,NA,"3/22/2019",08:15:00,NA,"Incidental Observation(s)",1,NA,NA,NA,NA,NA,NA,"Photograph",NA,NA,NA,"Paul Suchanek","Pending",NA,NA,NA,NA,"No","3/23/2019"
"173",352368,"Hesperiidae","Erynnis","funeralis",1,40484,"Redington Road--Road 4425 spur","United States","Arizona",32.308686,-110.524788,87729,NA,"3/22/2019",10:30:00,NA,"Incidental Observation(s)",1,NA,NA,NA,NA,NA,NA,"Photograph",NA,NA,NA,"Paul Suchanek","Pending",NA,NA,NA,NA,"No","3/23/2019"
"174",352785,"Lycaenidae","Hemiargus","ceraunus",1,40376,"Saguaro NP-East-lower Monument Wash","United States","Arizona",32.232111,-110.702898,87837,NA,"3/31/2019",NA,NA,"Incidental Observation(s)",1,NA,NA,NA,NA,NA,NA,"Photograph",NA,NA,NA,"Paul Suchanek","Pending",NA,NA,NA,NA,"No","3/31/2019"
"175",352786,"Nymphalidae","Dymasia","dymas",1,40376,"Saguaro NP-East-lower Monument Wash","United States","Arizona",32.232111,-110.702898,87837,NA,"3/31/2019",NA,NA,"Incidental Observation(s)",1,NA,NA,NA,NA,NA,NA,"Photograph",NA,NA,NA,"Paul Suchanek","Pending",NA,NA,NA,NA,"No","3/31/2019"
"176",353218,"Lycaenidae","Leptotes","marina",1,40331,"Agua Caliente-La Milagrosa canyon mouth","United States","Arizona",32.297012,-110.716574,87981,NA,"4/2/2019",NA,NA,"Incidental Observation(s)",NA,NA,NA,NA,NA,NA,NA,"Photograph",NA,NA,NA,"Paul Suchanek","Pending",NA,NA,NA,NA,"No","4/10/2019"
"177",353219,"Lycaenidae","Celastrina","ladon",5,40331,"Agua Caliente-La Milagrosa canyon mouth","United States","Arizona",32.297012,-110.716574,87981,NA,"4/2/2019",NA,NA,"Incidental Observation(s)",NA,NA,NA,NA,NA,NA,NA,"Photograph",NA,NA,NA,"Paul Suchanek","Pending",NA,NA,NA,NA,"No","4/10/2019"
"178",353220,"Nymphalidae","Anthanassa","texana",1,40331,"Agua Caliente-La Milagrosa canyon mouth","United States","Arizona",32.297012,-110.716574,87981,NA,"4/2/2019",NA,NA,"Incidental Observation(s)",NA,NA,NA,NA,NA,NA,NA,"Photograph",NA,NA,NA,"Paul Suchanek","Pending",NA,NA,NA,NA,"No","4/10/2019"
"179",381834,"Papilionidae","Battus","philenor",3,42903,"Agua Caliente Trail, AZ","United States","Arizona",32.281234,-110.730039,94126,NA,"7/26/2019",NA,NA,"Incidental Observation(s)",NA,NA,NA,NA,NA,NA,NA,"Sight",NA,NA,NA,"Karen Mitchell","Pending",NA,NA,NA,NA,"No","8/22/2019"
"180",381835,"Nymphalidae","Junonia","coenia",1,42903,"Agua Caliente Trail, AZ","United States","Arizona",32.281234,-110.730039,94126,NA,"7/26/2019",NA,NA,"Incidental Observation(s)",NA,NA,NA,NA,NA,NA,NA,"Sight",NA,NA,NA,"Karen Mitchell","Pending",NA,NA,NA,NA,"No","8/22/2019"
"181",381836,"Nymphalidae","Danaus","gilippus",4,42903,"Agua Caliente Trail, AZ","United States","Arizona",32.281234,-110.730039,94126,NA,"7/26/2019",NA,NA,"Incidental Observation(s)",NA,NA,NA,NA,NA,NA,NA,"Sight",NA,NA,NA,"Karen Mitchell","Pending",NA,NA,NA,NA,"No","8/22/2019"
"182",381837,"Pieridae","Pyrisitia","proterpia",1,42903,"Agua Caliente Trail, AZ","United States","Arizona",32.281234,-110.730039,94126,NA,"7/26/2019",NA,NA,"Incidental Observation(s)",NA,NA,NA,NA,NA,NA,NA,"Sight",NA,NA,NA,"Karen Mitchell","Pending",NA,NA,NA,NA,"No","8/22/2019"
